ticket_id,customer_id,issue_type,created_date,resolution_time_hours,status,priority
TKT_000001,CUST_001632,Account Problem,2023-10-04 10:05:00,47.0,Resolved,Low
TKT_000002,CUST_001796,Technical Support,2024-02-25 15:44:00,107.0,Resolved,Low
TKT_000003,CUST_000201,Order Cancellation,2023-07-25 01:22:00,,In Progress,Low
TKT_000004,CUST_000201,Return Request,2024-01-28 01:30:00,143.0,Closed,Medium
TKT_000005,CUST_001719,Product Defect,2023-08-13 02:48:00,153.0,Resolved,Low
TKT_000006,CUST_001719,Account Problem,2023-10-04 05:41:00,24.0,Resolved,Medium
TKT_000007,CUST_001719,Product Defect,2023-01-15 10:51:00,70.0,Resolved,High
TKT_000008,CUST_000527,Payment Issue,2023-07-11 22:15:00,21.0,Resolved,High
TKT_000009,CUST_001874,Product Defect,2023-01-05 12:40:00,,Open,Low
TKT_000010,CUST_002000,General Inquiry,2023-10-23 08:43:00,5.0,Resolved,High
TKT_000011,CUST_002000,General Inquiry,2023-08-17 07:30:00,,In Progress,Low
TKT_000012,CUST_001647,Account Problem,2023-02-23 09:41:00,27.0,Resolved,Medium
TKT_000013,CUST_000248,Delivery Delay,2023-02-28 09:53:00,7.0,Closed,High
TKT_000014,CUST_001290,Product Defect,2023-01-22 19:10:00,38.0,Closed,High
TKT_000015,CUST_001290,General Inquiry,2024-01-09 04:41:00,18.0,Resolved,Low
TKT_000016,CUST_001290,Product Information,2023-05-07 22:16:00,15.0,Resolved,Medium
TKT_000017,CUST_001753,Billing Inquiry,2023-04-07 21:54:00,51.0,Resolved,High
TKT_000018,CUST_001753,Billing Inquiry,2023-06-12 14:52:00,,In Progress,Medium
TKT_000019,CUST_001283,General Inquiry,2024-02-04 20:31:00,12.0,Closed,Low
TKT_000020,CUST_001283,Refund Request,2023-05-14 06:40:00,69.0,Closed,High
TKT_000021,CUST_001006,Account Problem,2023-11-02 22:20:00,12.0,Resolved,Medium
TKT_000022,CUST_000357,Website Error,2024-01-02 21:10:00,68.0,Closed,Low
TKT_000023,CUST_000300,General Inquiry,2023-02-19 23:05:00,5.0,Closed,Low
TKT_000024,CUST_001859,General Inquiry,2024-02-14 23:58:00,14.0,Resolved,Low
TKT_000025,CUST_000307,Return Request,2023-10-26 14:45:00,125.0,Resolved,Low
TKT_000026,CUST_001123,Delivery Delay,2023-07-25 11:17:00,22.0,Resolved,Medium
TKT_000027,CUST_000496,Account Problem,2023-09-26 01:02:00,,In Progress,Low
TKT_000028,CUST_000040,Website Error,2023-04-11 16:25:00,,In Progress,Low
TKT_000029,CUST_000618,Product Information,2023-04-04 13:54:00,11.0,Resolved,Medium
TKT_000030,CUST_000618,General Inquiry,2023-02-13 17:47:00,15.0,Resolved,Low
TKT_000031,CUST_001054,Return Request,2024-01-05 00:20:00,,In Progress,Low
TKT_000032,CUST_000860,Delivery Delay,2023-11-12 01:55:00,21.0,Resolved,Medium
TKT_000033,CUST_000860,Account Problem,2023-01-01 11:35:00,71.0,Resolved,Medium
TKT_000034,CUST_001764,Order Cancellation,2024-01-28 02:15:00,112.0,Resolved,Low
TKT_000035,CUST_000941,Order Cancellation,2023-08-03 10:57:00,111.0,Closed,Medium
TKT_000036,CUST_000941,Return Request,2023-07-29 12:25:00,74.0,Resolved,Low
TKT_000037,CUST_001581,Delivery Delay,2023-01-24 22:35:00,7.0,Resolved,Medium
TKT_000038,CUST_001581,Refund Request,2023-06-19 08:13:00,,In Progress,Low
TKT_000039,CUST_001085,Order Cancellation,2023-04-17 03:55:00,138.0,Closed,Low
TKT_000040,CUST_000297,Refund Request,2023-08-03 19:32:00,104.0,Resolved,Low
TKT_000041,CUST_001802,General Inquiry,2023-03-05 23:43:00,11.0,Resolved,Low
TKT_000042,CUST_001073,Order Cancellation,2024-01-08 12:16:00,29.0,Resolved,Low
TKT_000043,CUST_001029,Website Error,2023-12-24 12:11:00,42.0,Closed,Low
TKT_000044,CUST_000687,Payment Issue,2023-01-17 08:34:00,,In Progress,Low
TKT_000045,CUST_000687,Product Defect,2024-01-24 16:03:00,140.0,Resolved,Medium
TKT_000046,CUST_000428,Account Problem,2024-01-19 09:22:00,59.0,Resolved,Low
TKT_000047,CUST_000992,Payment Issue,2023-11-05 12:25:00,,In Progress,Medium
TKT_000048,CUST_000992,Product Information,2023-08-06 09:58:00,20.0,Resolved,Medium
TKT_000049,CUST_000992,Billing Inquiry,2023-11-22 15:12:00,4.0,Resolved,Medium
TKT_000050,CUST_001286,Product Defect,2023-02-23 05:13:00,117.0,Resolved,Low
TKT_000051,CUST_001286,Payment Issue,2023-11-17 12:24:00,54.0,Resolved,Low
TKT_000052,CUST_001286,Website Error,2023-10-20 15:38:00,115.0,Resolved,Low
TKT_000053,CUST_001136,Delivery Delay,2023-04-16 22:24:00,15.0,Resolved,Medium
TKT_000054,CUST_001136,Billing Inquiry,2023-05-24 18:25:00,21.0,Closed,High
TKT_000055,CUST_001809,Order Cancellation,2023-03-03 18:30:00,113.0,Resolved,Medium
TKT_000056,CUST_000508,Order Cancellation,2024-01-08 16:33:00,30.0,Resolved,High
TKT_000057,CUST_000508,General Inquiry,2023-12-27 17:07:00,7.0,Resolved,High
TKT_000058,CUST_001083,General Inquiry,2023-06-29 03:40:00,4.0,Resolved,Low
TKT_000059,CUST_001299,Product Information,2023-04-22 07:39:00,20.0,Resolved,Medium
TKT_000060,CUST_001299,Refund Request,2023-09-13 15:11:00,36.0,Resolved,Low
TKT_000061,CUST_001539,Order Cancellation,2023-10-21 08:04:00,165.0,Resolved,Medium
TKT_000062,CUST_001539,Order Cancellation,2023-06-07 01:56:00,42.0,Resolved,Low
TKT_000063,CUST_000218,Billing Inquiry,2024-03-14 11:30:00,,Open,Medium
TKT_000064,CUST_001589,Website Error,2023-04-08 13:15:00,,In Progress,Medium
TKT_000065,CUST_001589,Technical Support,2023-07-31 02:52:00,34.0,Closed,Low
TKT_000066,CUST_001621,Product Information,2023-08-09 04:41:00,8.0,Resolved,Medium
TKT_000067,CUST_000611,Delivery Delay,2024-02-02 12:00:00,14.0,Closed,Low
TKT_000068,CUST_001192,Product Defect,2024-02-19 10:07:00,133.0,Resolved,Low
TKT_000069,CUST_001879,Return Request,2023-09-16 00:46:00,48.0,Resolved,High
TKT_000070,CUST_001422,Return Request,2023-05-13 02:56:00,143.0,Resolved,High
TKT_000071,CUST_001422,Payment Issue,2023-07-08 20:37:00,58.0,Closed,Low
TKT_000072,CUST_000821,Payment Issue,2023-03-04 20:46:00,58.0,Resolved,High
TKT_000073,CUST_000361,Delivery Delay,2023-05-15 01:16:00,16.0,Resolved,Low
TKT_000074,CUST_000490,Billing Inquiry,2023-10-26 17:10:00,,In Progress,Low
TKT_000075,CUST_000490,Order Cancellation,2024-03-03 00:40:00,73.0,Resolved,Low
TKT_000076,CUST_001282,Billing Inquiry,2023-05-07 03:21:00,11.0,Resolved,Low
TKT_000077,CUST_000605,Refund Request,2023-07-30 20:54:00,67.0,Closed,Low
TKT_000078,CUST_001305,Payment Issue,2023-08-02 08:57:00,5.0,Resolved,Low
TKT_000079,CUST_001305,Payment Issue,2023-12-15 14:05:00,13.0,Resolved,Low
TKT_000080,CUST_001305,Billing Inquiry,2023-02-20 06:52:00,70.0,Closed,Low
TKT_000081,CUST_000020,Payment Issue,2023-08-25 03:49:00,61.0,Resolved,Medium
TKT_000082,CUST_000020,Technical Support,2023-01-14 16:14:00,141.0,Resolved,Low
TKT_000083,CUST_000020,Billing Inquiry,2024-01-04 03:45:00,46.0,Closed,Medium
TKT_000084,CUST_001341,General Inquiry,2024-03-14 06:48:00,11.0,Resolved,Low
TKT_000085,CUST_001532,Return Request,2023-09-14 14:06:00,102.0,Resolved,High
TKT_000086,CUST_001546,General Inquiry,2024-02-28 20:02:00,19.0,Closed,Low
TKT_000087,CUST_000324,Refund Request,2024-02-02 06:36:00,114.0,Resolved,Medium
TKT_000088,CUST_000324,Product Defect,2023-12-02 14:40:00,77.0,Resolved,Low
TKT_000089,CUST_000155,Website Error,2024-01-03 09:39:00,112.0,Resolved,Low
TKT_000090,CUST_000155,Website Error,2023-03-14 04:48:00,151.0,Closed,Low
TKT_000091,CUST_000778,General Inquiry,2023-08-11 22:53:00,12.0,Resolved,Medium
TKT_000092,CUST_000526,General Inquiry,2023-01-03 01:54:00,16.0,Resolved,Low
TKT_000093,CUST_000526,Product Defect,2023-05-23 08:38:00,97.0,Resolved,Low
TKT_000094,CUST_001452,Billing Inquiry,2023-03-22 05:14:00,,Open,Medium
TKT_000095,CUST_001452,Technical Support,2023-05-24 14:05:00,,Open,Low
TKT_000096,CUST_000856,Refund Request,2023-12-24 01:21:00,88.0,Resolved,Low
TKT_000097,CUST_001605,Return Request,2023-03-03 14:39:00,69.0,Closed,Low
TKT_000098,CUST_000870,Account Problem,2023-02-13 20:22:00,42.0,Resolved,Medium
TKT_000099,CUST_001976,Refund Request,2023-01-22 18:35:00,,In Progress,Medium
TKT_000100,CUST_001325,Payment Issue,2023-05-13 03:32:00,56.0,Resolved,Medium
TKT_000101,CUST_000924,Product Information,2023-02-28 19:38:00,21.0,Resolved,Low
TKT_000102,CUST_000924,Order Cancellation,2023-01-03 10:09:00,167.0,Resolved,Low
TKT_000103,CUST_000208,Product Information,2024-01-12 03:18:00,18.0,Resolved,Medium
TKT_000104,CUST_001253,Order Cancellation,2023-08-24 02:00:00,,Open,Medium
TKT_000105,CUST_000512,Order Cancellation,2023-10-28 10:45:00,71.0,Resolved,Low
TKT_000106,CUST_000566,Order Cancellation,2023-06-16 02:19:00,,Open,Medium
TKT_000107,CUST_000566,General Inquiry,2023-06-27 16:37:00,,In Progress,High
TKT_000108,CUST_001759,Technical Support,2023-04-05 21:25:00,,In Progress,Medium
TKT_000109,CUST_001347,Product Defect,2024-02-10 12:15:00,136.0,Closed,Low
TKT_000110,CUST_001957,Product Defect,2023-09-02 14:44:00,157.0,Closed,Medium
TKT_000111,CUST_001238,General Inquiry,2023-02-14 07:01:00,14.0,Resolved,Low
TKT_000112,CUST_001935,Payment Issue,2023-03-05 05:05:00,56.0,Resolved,Low
TKT_000113,CUST_001090,Account Problem,2023-09-16 07:56:00,24.0,Resolved,Medium
TKT_000114,CUST_000853,Product Defect,2023-04-21 22:49:00,135.0,Resolved,Medium
TKT_000115,CUST_000853,Delivery Delay,2023-08-06 21:02:00,13.0,Closed,Low
TKT_000116,CUST_000259,Billing Inquiry,2023-12-10 16:31:00,42.0,Resolved,Medium
TKT_000117,CUST_000619,Technical Support,2024-01-13 18:40:00,,Open,High
TKT_000118,CUST_000619,Website Error,2023-11-28 09:55:00,86.0,Resolved,Medium
TKT_000119,CUST_001091,Payment Issue,2023-02-20 03:01:00,4.0,Resolved,High
TKT_000120,CUST_000271,Product Information,2023-04-16 12:25:00,,In Progress,Low
TKT_000121,CUST_000271,Refund Request,2023-05-22 00:51:00,103.0,Resolved,Low
TKT_000122,CUST_001277,General Inquiry,2023-03-04 19:59:00,23.0,Closed,Low
TKT_000123,CUST_001378,Product Information,2024-01-15 17:15:00,16.0,Resolved,Medium
TKT_000124,CUST_000371,Product Information,2023-08-20 07:07:00,17.0,Resolved,Low
TKT_000125,CUST_000371,Product Information,2023-10-16 17:28:00,4.0,Closed,Low
TKT_000126,CUST_000377,Return Request,2023-02-08 03:53:00,71.0,Closed,High
TKT_000127,CUST_001164,Product Information,2024-02-25 14:53:00,,Open,Low
TKT_000128,CUST_001706,Billing Inquiry,2024-03-06 21:22:00,27.0,Resolved,Medium
TKT_000129,CUST_001952,Order Cancellation,2023-02-08 01:59:00,64.0,Resolved,Low
TKT_000130,CUST_001699,Payment Issue,2023-07-28 02:51:00,53.0,Resolved,Low
TKT_000131,CUST_001699,Product Information,2023-03-17 09:01:00,,In Progress,Low
TKT_000132,CUST_000464,Payment Issue,2023-12-10 19:53:00,,In Progress,Medium
TKT_000133,CUST_000333,Delivery Delay,2023-12-15 12:52:00,,In Progress,Medium
TKT_000134,CUST_001419,Billing Inquiry,2023-03-17 21:25:00,24.0,Resolved,Medium
TKT_000135,CUST_001763,Billing Inquiry,2023-05-31 19:55:00,67.0,Resolved,Low
TKT_000136,CUST_000946,Technical Support,2024-02-24 04:19:00,,In Progress,Low
TKT_000137,CUST_000946,Order Cancellation,2023-06-12 16:03:00,,In Progress,Medium
TKT_000138,CUST_001561,Delivery Delay,2023-11-08 11:13:00,6.0,Resolved,Medium
TKT_000139,CUST_001561,Return Request,2023-01-25 20:13:00,40.0,Resolved,Low
TKT_000140,CUST_001561,Product Defect,2023-12-13 10:19:00,83.0,Resolved,Low
TKT_000141,CUST_000223,Website Error,2023-10-17 06:32:00,31.0,Resolved,Low
TKT_000142,CUST_001852,Refund Request,2023-04-20 14:36:00,26.0,Closed,Low
TKT_000143,CUST_001959,Technical Support,2023-04-08 10:19:00,51.0,Closed,Medium
TKT_000144,CUST_000159,General Inquiry,2024-01-25 11:56:00,17.0,Resolved,Low
TKT_000145,CUST_000653,General Inquiry,2023-06-14 03:16:00,2.0,Resolved,Low
TKT_000146,CUST_001842,Account Problem,2024-03-09 08:16:00,,Open,Medium
TKT_000147,CUST_000264,Return Request,2024-01-31 10:40:00,,In Progress,Medium
TKT_000148,CUST_000264,Billing Inquiry,2023-09-09 12:03:00,11.0,Resolved,Low
TKT_000149,CUST_000425,Return Request,2023-07-30 15:29:00,78.0,Resolved,Medium
TKT_000150,CUST_001831,Website Error,2023-01-04 12:25:00,112.0,Resolved,Low
TKT_000151,CUST_001488,Payment Issue,2023-08-04 05:05:00,52.0,Resolved,Medium
TKT_000152,CUST_000711,Product Defect,2023-02-19 06:29:00,,In Progress,Low
TKT_000153,CUST_001005,Return Request,2023-07-22 09:01:00,63.0,Closed,Low
TKT_000154,CUST_001005,Refund Request,2024-02-20 08:35:00,,In Progress,Medium
TKT_000155,CUST_001063,Return Request,2023-11-17 23:44:00,112.0,Closed,Medium
TKT_000156,CUST_000145,Delivery Delay,2023-08-25 00:02:00,,Open,Medium
TKT_000157,CUST_000584,Product Defect,2024-02-07 14:04:00,134.0,Resolved,Medium
TKT_000158,CUST_001812,Product Defect,2024-01-13 18:55:00,,In Progress,Low
TKT_000159,CUST_001132,Product Information,2023-08-20 08:06:00,16.0,Resolved,Low
TKT_000160,CUST_000232,Product Defect,2024-02-22 16:27:00,95.0,Resolved,Low
TKT_000161,CUST_000232,Return Request,2023-10-10 14:46:00,47.0,Resolved,Medium
TKT_000162,CUST_001737,Order Cancellation,2023-05-26 21:52:00,25.0,Resolved,Low
TKT_000163,CUST_001737,Refund Request,2023-03-02 01:16:00,117.0,Resolved,Medium
TKT_000164,CUST_001124,Product Defect,2023-09-07 11:12:00,103.0,Closed,Low
TKT_000165,CUST_001124,Billing Inquiry,2023-11-25 07:00:00,,In Progress,Low
TKT_000166,CUST_000126,Refund Request,2024-02-24 02:55:00,40.0,Closed,Medium
TKT_000167,CUST_000126,Website Error,2023-02-25 01:25:00,152.0,Resolved,Low
TKT_000168,CUST_000369,Payment Issue,2023-04-07 16:22:00,61.0,Resolved,Low
TKT_000169,CUST_001624,Product Information,2023-08-23 21:09:00,7.0,Resolved,Medium
TKT_000170,CUST_001624,Website Error,2023-09-21 18:31:00,152.0,Resolved,Low
TKT_000171,CUST_001624,Website Error,2023-11-17 11:51:00,48.0,Resolved,Low
TKT_000172,CUST_000076,General Inquiry,2024-01-08 04:46:00,7.0,Resolved,Low
TKT_000173,CUST_000076,Technical Support,2024-01-04 08:18:00,,In Progress,Low
TKT_000174,CUST_000754,Product Information,2023-05-23 16:44:00,17.0,Closed,Low
TKT_000175,CUST_001425,Technical Support,2023-01-30 23:44:00,78.0,Closed,Medium
TKT_000176,CUST_001835,Account Problem,2023-05-24 12:28:00,,In Progress,Low
TKT_000177,CUST_001835,Product Information,2023-11-24 23:17:00,11.0,Resolved,High
TKT_000178,CUST_001835,Technical Support,2023-12-23 22:27:00,25.0,Resolved,Low
TKT_000179,CUST_000577,Order Cancellation,2023-11-01 06:41:00,86.0,Resolved,Low
TKT_000180,CUST_001574,Delivery Delay,2023-07-18 12:11:00,13.0,Closed,High
TKT_000181,CUST_000026,Delivery Delay,2023-08-19 23:44:00,,In Progress,Medium
TKT_000182,CUST_000688,Refund Request,2024-02-22 08:10:00,163.0,Closed,Medium
TKT_000183,CUST_000688,Product Defect,2023-08-20 14:48:00,,In Progress,Low
TKT_000184,CUST_001056,Refund Request,2024-01-06 02:11:00,154.0,Resolved,Medium
TKT_000185,CUST_000267,Return Request,2023-02-05 12:07:00,50.0,Resolved,Low
TKT_000186,CUST_000267,Billing Inquiry,2023-07-17 16:34:00,17.0,Resolved,Medium
TKT_000187,CUST_001014,Technical Support,2024-02-25 06:38:00,35.0,Resolved,Low
TKT_000188,CUST_001380,Refund Request,2024-02-14 03:43:00,154.0,Closed,Low
TKT_000189,CUST_001380,Order Cancellation,2023-07-11 10:27:00,,In Progress,Low
TKT_000190,CUST_001261,Delivery Delay,2023-06-19 14:10:00,2.0,Resolved,Low
TKT_000191,CUST_000137,Billing Inquiry,2023-08-19 22:05:00,24.0,Resolved,Low
TKT_000192,CUST_000575,Product Defect,2024-01-23 01:32:00,82.0,Resolved,Low
TKT_000193,CUST_000028,Account Problem,2023-05-07 21:11:00,18.0,Resolved,Low
TKT_000194,CUST_000535,Account Problem,2024-02-23 04:20:00,58.0,Resolved,Low
TKT_000195,CUST_001942,Return Request,2023-01-03 03:46:00,,In Progress,Low
TKT_000196,CUST_000233,Website Error,2023-05-03 09:34:00,72.0,Resolved,Medium
TKT_000197,CUST_000233,Technical Support,2023-07-20 16:06:00,,In Progress,Low
TKT_000198,CUST_001502,Product Information,2024-01-26 01:37:00,,Open,Medium
TKT_000199,CUST_001502,Order Cancellation,2023-09-09 14:52:00,145.0,Resolved,Medium
TKT_000200,CUST_001408,Refund Request,2023-05-28 18:26:00,,In Progress,Medium
TKT_000201,CUST_000848,General Inquiry,2023-02-12 18:45:00,10.0,Resolved,Low
TKT_000202,CUST_001202,Product Defect,2024-01-25 15:53:00,61.0,Resolved,High
TKT_000203,CUST_000119,Technical Support,2023-07-07 01:44:00,86.0,Closed,Low
TKT_000204,CUST_000714,Delivery Delay,2023-08-30 01:51:00,21.0,Closed,Low
TKT_000205,CUST_000714,Order Cancellation,2023-02-24 02:07:00,,In Progress,Medium
TKT_000206,CUST_000828,Refund Request,2024-01-09 10:12:00,,In Progress,Low
TKT_000207,CUST_001658,Order Cancellation,2023-09-02 10:18:00,68.0,Resolved,Low
TKT_000208,CUST_001658,Order Cancellation,2023-10-13 09:02:00,50.0,Closed,Medium
TKT_000209,CUST_001658,General Inquiry,2023-07-17 21:13:00,7.0,Resolved,Medium
TKT_000210,CUST_001028,Return Request,2023-12-29 23:32:00,129.0,Resolved,Low
TKT_000211,CUST_001028,Website Error,2023-09-09 14:59:00,151.0,Closed,Medium
TKT_000212,CUST_000034,Website Error,2023-04-06 19:34:00,89.0,Resolved,Medium
TKT_000213,CUST_000608,Product Defect,2023-01-09 14:42:00,100.0,Resolved,High
TKT_000214,CUST_000064,General Inquiry,2023-10-21 22:37:00,4.0,Resolved,Medium
TKT_000215,CUST_000037,Product Defect,2023-10-12 19:43:00,,In Progress,Low
TKT_000216,CUST_000626,Website Error,2023-08-11 05:05:00,63.0,Resolved,Low
TKT_000217,CUST_000745,Billing Inquiry,2023-11-04 07:33:00,23.0,Closed,Medium
TKT_000218,CUST_000745,Product Defect,2023-04-26 21:54:00,103.0,Resolved,Low
TKT_000219,CUST_000748,Account Problem,2023-02-02 23:00:00,53.0,Resolved,Low
TKT_000220,CUST_000748,Website Error,2023-10-05 14:06:00,,Open,Low
TKT_000221,CUST_000748,Payment Issue,2024-01-28 13:05:00,,In Progress,Medium
TKT_000222,CUST_000372,Order Cancellation,2023-04-06 00:55:00,,In Progress,Medium
TKT_000223,CUST_001702,Product Defect,2023-08-08 22:28:00,106.0,Resolved,Low
TKT_000224,CUST_000767,Order Cancellation,2023-07-08 21:23:00,111.0,Resolved,Low
TKT_000225,CUST_001882,Order Cancellation,2023-01-08 08:42:00,137.0,Resolved,Low
TKT_000226,CUST_000306,Website Error,2023-07-16 11:52:00,33.0,Resolved,Medium
TKT_000227,CUST_000839,Website Error,2023-06-26 13:03:00,142.0,Resolved,High
TKT_000228,CUST_000642,Billing Inquiry,2023-03-10 06:24:00,40.0,Resolved,Medium
TKT_000229,CUST_000642,Return Request,2023-09-02 09:35:00,24.0,Closed,Low
TKT_000230,CUST_000570,Delivery Delay,2023-11-10 04:36:00,,Open,Medium
TKT_000231,CUST_000800,Product Defect,2023-09-04 13:30:00,,In Progress,Medium
TKT_000232,CUST_001913,General Inquiry,2023-12-25 09:44:00,15.0,Resolved,Low
TKT_000233,CUST_000115,Product Defect,2023-03-22 06:20:00,53.0,Resolved,Low
TKT_000234,CUST_000827,Product Information,2023-11-25 22:48:00,,In Progress,Low
TKT_000235,CUST_001003,Payment Issue,2023-03-22 20:44:00,25.0,Closed,Low
TKT_000236,CUST_000366,Account Problem,2023-05-19 17:35:00,47.0,Closed,Medium
TKT_000237,CUST_000837,Website Error,2023-10-01 03:38:00,,In Progress,Low
TKT_000238,CUST_001031,Refund Request,2023-12-11 05:56:00,141.0,Resolved,Medium
TKT_000239,CUST_001122,Return Request,2023-02-27 02:55:00,43.0,Resolved,Low
TKT_000240,CUST_001122,Refund Request,2023-06-27 03:46:00,135.0,Closed,Low
TKT_000241,CUST_001041,Payment Issue,2023-09-04 16:35:00,34.0,Resolved,Medium
TKT_000242,CUST_001839,Product Defect,2024-02-01 11:23:00,80.0,Resolved,Medium
TKT_000243,CUST_000475,Refund Request,2023-07-02 06:11:00,,In Progress,Low
TKT_000244,CUST_000510,Return Request,2023-06-30 18:08:00,113.0,Closed,High
TKT_000245,CUST_000606,Technical Support,2023-02-10 21:39:00,96.0,Resolved,Low
TKT_000246,CUST_001439,Delivery Delay,2023-01-23 07:32:00,,Open,Low
TKT_000247,CUST_000766,Refund Request,2023-11-09 22:46:00,166.0,Resolved,Low
TKT_000248,CUST_001079,Product Defect,2023-08-26 16:20:00,,Open,Medium
TKT_000249,CUST_001079,Website Error,2023-12-03 09:42:00,87.0,Resolved,Low
TKT_000250,CUST_001894,Product Information,2023-12-10 16:51:00,12.0,Resolved,Low
TKT_000251,CUST_001894,Product Information,2023-04-02 16:13:00,14.0,Closed,Medium
TKT_000252,CUST_000019,Billing Inquiry,2024-02-16 12:16:00,63.0,Resolved,High
TKT_000253,CUST_000019,Product Information,2023-01-11 20:37:00,,Open,Medium
TKT_000254,CUST_000019,Order Cancellation,2024-02-22 13:15:00,142.0,Closed,Low
TKT_000255,CUST_001174,Return Request,2023-10-23 08:13:00,168.0,Resolved,Low
TKT_000256,CUST_001174,Website Error,2023-06-14 20:36:00,121.0,Closed,Medium
TKT_000257,CUST_000887,Return Request,2023-05-21 04:09:00,43.0,Resolved,Low
TKT_000258,CUST_001471,Delivery Delay,2023-06-04 09:37:00,,In Progress,Medium
TKT_000259,CUST_001263,Payment Issue,2023-09-30 02:29:00,21.0,Resolved,Low
TKT_000260,CUST_000842,Delivery Delay,2024-02-20 11:33:00,8.0,Resolved,Medium
TKT_000261,CUST_000493,Refund Request,2024-01-11 18:45:00,57.0,Resolved,Low
TKT_000262,CUST_000493,Technical Support,2023-09-03 16:07:00,128.0,Resolved,Medium
TKT_000263,CUST_000001,Order Cancellation,2023-04-04 06:43:00,,In Progress,Low
TKT_000264,CUST_001176,Website Error,2024-02-23 09:36:00,123.0,Closed,Medium
TKT_000265,CUST_000647,Refund Request,2023-11-04 23:05:00,,In Progress,Medium
TKT_000266,CUST_000647,Product Information,2023-06-12 15:54:00,10.0,Resolved,High
TKT_000267,CUST_001535,Return Request,2023-12-24 01:05:00,122.0,Resolved,Low
TKT_000268,CUST_001728,Delivery Delay,2023-08-08 04:09:00,15.0,Resolved,Medium
TKT_000269,CUST_000970,Return Request,2024-02-23 22:46:00,75.0,Resolved,Medium
TKT_000270,CUST_000742,Order Cancellation,2023-07-25 00:25:00,,In Progress,Medium
TKT_000271,CUST_000658,Refund Request,2023-01-19 05:58:00,111.0,Resolved,Low
TKT_000272,CUST_000107,General Inquiry,2023-11-04 08:58:00,13.0,Resolved,Medium
TKT_000273,CUST_001344,Return Request,2023-05-16 04:22:00,87.0,Resolved,Low
TKT_000274,CUST_000412,Technical Support,2023-11-24 23:31:00,167.0,Resolved,Medium
TKT_000275,CUST_000907,Return Request,2023-01-14 10:50:00,,In Progress,Medium
TKT_000276,CUST_001997,Billing Inquiry,2023-01-19 20:35:00,,Open,High
TKT_000277,CUST_001918,Technical Support,2023-12-11 02:27:00,104.0,Resolved,Low
TKT_000278,CUST_001629,Refund Request,2023-09-02 20:35:00,62.0,Resolved,Medium
TKT_000279,CUST_001629,Account Problem,2023-04-18 00:29:00,43.0,Resolved,Medium
TKT_000280,CUST_000822,Technical Support,2023-06-25 21:42:00,152.0,Closed,Low
TKT_000281,CUST_001352,Website Error,2023-04-13 01:44:00,48.0,Resolved,Low
TKT_000282,CUST_001352,Delivery Delay,2023-12-15 04:11:00,14.0,Resolved,Medium
TKT_000283,CUST_001651,Delivery Delay,2023-04-07 17:28:00,,In Progress,Low
TKT_000284,CUST_001853,Product Defect,2023-08-20 21:34:00,,In Progress,Medium
TKT_000285,CUST_001777,Product Defect,2023-06-27 19:11:00,158.0,Closed,Low
TKT_000286,CUST_001777,Refund Request,2023-03-02 12:38:00,147.0,Resolved,Medium
TKT_000287,CUST_000621,Billing Inquiry,2023-06-20 04:56:00,,Open,Low
TKT_000288,CUST_001513,Refund Request,2024-02-10 11:40:00,96.0,Resolved,Low
TKT_000289,CUST_001970,Website Error,2023-07-23 08:05:00,143.0,Resolved,High
TKT_000290,CUST_001970,Product Information,2023-05-10 17:00:00,14.0,Closed,Low
TKT_000291,CUST_000993,Order Cancellation,2023-07-16 06:05:00,,Open,Low
TKT_000292,CUST_001052,Billing Inquiry,2024-01-03 09:33:00,,In Progress,Low
TKT_000293,CUST_001189,Website Error,2024-01-21 19:42:00,82.0,Resolved,Medium
TKT_000294,CUST_001931,Product Defect,2023-06-24 07:26:00,38.0,Resolved,Medium
TKT_000295,CUST_000234,Account Problem,2023-05-07 17:28:00,61.0,Resolved,Medium
TKT_000296,CUST_000468,Account Problem,2023-02-20 12:16:00,48.0,Resolved,Low
TKT_000297,CUST_000468,Delivery Delay,2023-07-24 21:39:00,6.0,Resolved,High
TKT_000298,CUST_000477,Website Error,2023-01-29 01:50:00,77.0,Closed,Low
TKT_000299,CUST_001256,Account Problem,2023-05-06 03:27:00,5.0,Closed,Low
TKT_000300,CUST_001256,Refund Request,2023-12-21 01:52:00,122.0,Resolved,Medium
TKT_000301,CUST_000031,Product Defect,2023-07-09 16:36:00,98.0,Resolved,Low
TKT_000302,CUST_000031,Website Error,2023-10-16 14:25:00,,Open,Low
TKT_000303,CUST_000016,Delivery Delay,2023-12-18 02:36:00,,In Progress,Medium
TKT_000304,CUST_000982,Account Problem,2024-01-01 03:30:00,32.0,Resolved,High
TKT_000305,CUST_000616,Technical Support,2023-09-22 06:29:00,138.0,Resolved,Medium
TKT_000306,CUST_000892,Billing Inquiry,2023-09-15 11:30:00,7.0,Resolved,Medium
TKT_000307,CUST_001060,Refund Request,2024-02-29 16:16:00,38.0,Resolved,Low
TKT_000308,CUST_000825,Refund Request,2023-08-13 18:28:00,,In Progress,Low
TKT_000309,CUST_001170,Account Problem,2024-01-03 01:01:00,,Open,High
TKT_000310,CUST_000216,Payment Issue,2023-03-16 11:42:00,63.0,Resolved,Low
TKT_000311,CUST_000216,Website Error,2024-01-12 12:39:00,106.0,Closed,Low
TKT_000312,CUST_000251,Account Problem,2023-04-29 23:52:00,19.0,Resolved,Medium
TKT_000313,CUST_000251,Account Problem,2023-01-28 14:49:00,43.0,Closed,Medium
TKT_000314,CUST_000113,Billing Inquiry,2023-04-25 01:12:00,,In Progress,Low
TKT_000315,CUST_001807,Product Defect,2023-03-30 00:35:00,90.0,Closed,Medium
TKT_000316,CUST_000679,Account Problem,2023-01-16 02:33:00,,In Progress,Medium
TKT_000317,CUST_000679,General Inquiry,2023-02-26 17:25:00,,Open,Medium
TKT_000318,CUST_001770,Return Request,2023-06-04 05:09:00,118.0,Resolved,Low
TKT_000319,CUST_000009,Website Error,2023-10-28 13:01:00,76.0,Resolved,Medium
TKT_000320,CUST_000009,General Inquiry,2023-12-22 21:55:00,20.0,Resolved,Medium
TKT_000321,CUST_001908,Payment Issue,2023-08-03 22:52:00,42.0,Closed,Medium
TKT_000322,CUST_001320,Refund Request,2024-02-18 16:39:00,106.0,Resolved,Low
TKT_000323,CUST_001099,Technical Support,2023-05-27 16:10:00,98.0,Resolved,Medium
TKT_000324,CUST_000440,Payment Issue,2023-09-23 14:07:00,57.0,Resolved,Low
TKT_000325,CUST_001920,Account Problem,2024-02-02 07:50:00,24.0,Resolved,Low
TKT_000326,CUST_001920,Refund Request,2024-01-27 13:59:00,61.0,Closed,Medium
TKT_000327,CUST_000750,Product Defect,2023-05-17 06:30:00,98.0,Resolved,Low
TKT_000328,CUST_000750,Product Information,2023-01-16 16:11:00,24.0,Resolved,Medium
TKT_000329,CUST_000750,Billing Inquiry,2023-07-28 12:15:00,15.0,Resolved,Low
TKT_000330,CUST_001026,Payment Issue,2023-10-10 18:59:00,4.0,Closed,Low
TKT_000331,CUST_001416,Account Problem,2023-02-23 10:49:00,41.0,Resolved,Low
TKT_000332,CUST_000977,General Inquiry,2024-02-25 00:04:00,,In Progress,Medium
TKT_000333,CUST_001013,Website Error,2023-06-03 00:06:00,,In Progress,Low
TKT_000334,CUST_001013,Website Error,2023-03-13 22:46:00,39.0,Resolved,Low
TKT_000335,CUST_000788,Billing Inquiry,2023-04-20 01:53:00,10.0,Resolved,Medium
TKT_000336,CUST_000811,Account Problem,2024-01-07 12:40:00,53.0,Resolved,Low
TKT_000337,CUST_000397,Product Defect,2024-02-28 08:44:00,,In Progress,High
TKT_000338,CUST_001820,Product Defect,2023-09-12 07:50:00,,In Progress,Low
TKT_000339,CUST_001815,Product Information,2023-12-10 06:21:00,3.0,Resolved,Low
TKT_000340,CUST_000894,General Inquiry,2023-11-03 19:18:00,24.0,Resolved,Medium
TKT_000341,CUST_000152,Order Cancellation,2023-06-25 22:56:00,144.0,Closed,Low
TKT_000342,CUST_001346,General Inquiry,2023-11-22 05:55:00,14.0,Closed,Low
TKT_000343,CUST_001247,General Inquiry,2023-09-28 02:04:00,5.0,Resolved,High
TKT_000344,CUST_001131,Account Problem,2023-01-14 09:04:00,47.0,Resolved,Medium
TKT_000345,CUST_001409,Account Problem,2023-12-25 02:28:00,11.0,Resolved,Medium
TKT_000346,CUST_000896,Billing Inquiry,2023-07-31 08:49:00,59.0,Closed,Medium
TKT_000347,CUST_001818,General Inquiry,2023-04-13 11:46:00,4.0,Closed,Medium
TKT_000348,CUST_001818,General Inquiry,2023-02-12 09:46:00,2.0,Resolved,Medium
TKT_000349,CUST_000516,Product Information,2023-02-18 19:03:00,,Open,Medium
TKT_000350,CUST_000105,Product Information,2024-03-02 09:56:00,13.0,Resolved,Low
TKT_000351,CUST_000763,Return Request,2023-04-20 19:57:00,40.0,Resolved,Medium
TKT_000352,CUST_001745,Technical Support,2023-04-21 20:35:00,104.0,Resolved,Medium
TKT_000353,CUST_001992,Billing Inquiry,2023-07-10 14:05:00,,In Progress,Low
TKT_000354,CUST_000864,General Inquiry,2023-08-28 20:38:00,,In Progress,Low
TKT_000355,CUST_000864,Website Error,2023-06-05 07:26:00,107.0,Resolved,Low
TKT_000356,CUST_000906,Payment Issue,2023-04-24 04:15:00,60.0,Resolved,Low
TKT_000357,CUST_000906,Technical Support,2023-04-28 06:29:00,,In Progress,Medium
TKT_000358,CUST_000069,Payment Issue,2023-03-03 16:00:00,47.0,Closed,Low
TKT_000359,CUST_001418,Payment Issue,2024-02-28 01:40:00,23.0,Resolved,Low
TKT_000360,CUST_000522,Payment Issue,2023-08-08 12:23:00,,In Progress,Medium
TKT_000361,CUST_000522,Payment Issue,2023-10-04 20:54:00,55.0,Resolved,Low
TKT_000362,CUST_000170,Return Request,2023-05-27 17:06:00,54.0,Resolved,Medium
TKT_000363,CUST_000170,Return Request,2023-03-21 04:16:00,27.0,Closed,Low
TKT_000364,CUST_000656,Technical Support,2024-01-21 20:16:00,,Open,Medium
TKT_000365,CUST_000656,Product Information,2023-12-25 20:24:00,12.0,Resolved,Medium
TKT_000366,CUST_000235,Billing Inquiry,2023-08-10 21:19:00,40.0,Closed,Low
TKT_000367,CUST_000021,General Inquiry,2023-12-10 22:05:00,8.0,Resolved,Low
TKT_000368,CUST_000817,Delivery Delay,2023-03-08 05:46:00,17.0,Resolved,Medium
TKT_000369,CUST_000817,Account Problem,2023-02-06 01:34:00,22.0,Resolved,Medium
TKT_000370,CUST_000817,Product Information,2023-06-30 12:22:00,20.0,Resolved,Low
TKT_000371,CUST_000183,Product Information,2023-03-21 17:18:00,,In Progress,Low
TKT_000372,CUST_000363,Website Error,2023-09-23 22:07:00,,In Progress,Medium
TKT_000373,CUST_001766,Order Cancellation,2023-11-07 01:53:00,40.0,Resolved,Medium
TKT_000374,CUST_001584,General Inquiry,2023-10-24 04:37:00,6.0,Closed,Low
TKT_000375,CUST_001674,Account Problem,2024-01-22 05:04:00,25.0,Resolved,High
TKT_000376,CUST_001338,Account Problem,2023-07-23 09:33:00,63.0,Resolved,Low
TKT_000377,CUST_001407,Product Defect,2023-12-19 13:16:00,143.0,Resolved,Low
TKT_000378,CUST_000294,Product Defect,2023-05-01 02:17:00,39.0,Resolved,Medium
TKT_000379,CUST_000127,Billing Inquiry,2023-09-17 20:33:00,66.0,Resolved,Low
TKT_000380,CUST_001905,Account Problem,2023-10-03 07:59:00,,In Progress,Low
TKT_000381,CUST_001905,Product Information,2023-07-27 03:35:00,11.0,Resolved,High
TKT_000382,CUST_001905,Return Request,2023-06-29 05:16:00,97.0,Resolved,Low
TKT_000383,CUST_000641,Payment Issue,2023-12-16 21:20:00,,Open,Medium
TKT_000384,CUST_000920,Order Cancellation,2023-06-02 07:53:00,,In Progress,Low
TKT_000385,CUST_001221,Refund Request,2023-09-19 00:05:00,38.0,Resolved,Low
TKT_000386,CUST_001229,Refund Request,2023-10-10 06:34:00,144.0,Resolved,Medium
TKT_000387,CUST_001229,Account Problem,2024-01-21 00:02:00,,Open,Low
TKT_000388,CUST_000458,Website Error,2023-12-19 00:34:00,73.0,Resolved,Low
TKT_000389,CUST_000458,Refund Request,2023-04-03 03:47:00,114.0,Closed,Medium
TKT_000390,CUST_000555,Account Problem,2023-08-25 11:04:00,,In Progress,Medium
TKT_000391,CUST_000555,Technical Support,2024-02-25 21:25:00,,Open,Low
TKT_000392,CUST_001447,Delivery Delay,2023-07-09 08:24:00,,In Progress,Medium
TKT_000393,CUST_000256,General Inquiry,2023-09-11 12:41:00,19.0,Resolved,Medium
TKT_000394,CUST_001963,Billing Inquiry,2023-03-15 06:06:00,41.0,Resolved,Medium
TKT_000395,CUST_001932,Order Cancellation,2024-02-01 11:28:00,54.0,Resolved,Low
TKT_000396,CUST_000131,Payment Issue,2023-02-27 01:09:00,49.0,Resolved,Low
TKT_000397,CUST_000131,Order Cancellation,2023-02-13 09:18:00,95.0,Resolved,Low
TKT_000398,CUST_001434,Product Defect,2023-10-05 09:54:00,,Open,Medium
TKT_000399,CUST_001434,Order Cancellation,2023-04-26 23:10:00,139.0,Resolved,Low
TKT_000400,CUST_001687,Billing Inquiry,2023-11-26 02:30:00,34.0,Resolved,Low
TKT_000401,CUST_000601,Website Error,2023-03-30 17:49:00,155.0,Resolved,Low
TKT_000402,CUST_001030,Refund Request,2023-07-27 08:11:00,,Open,Low
TKT_000403,CUST_001030,Refund Request,2023-02-04 20:20:00,,Open,Low
TKT_000404,CUST_001864,Order Cancellation,2024-03-08 01:07:00,85.0,Resolved,Medium
TKT_000405,CUST_001510,Order Cancellation,2023-11-06 09:14:00,127.0,Resolved,Medium
TKT_000406,CUST_001510,Payment Issue,2023-06-12 03:05:00,,Open,Low
